,userid,lag_days,correlation,metric
19,1200074200358264832,28,0.7682453681598961,walking_steadiness
30,1200817269497671680,0,0.847876818905947,walking_steadiness
31,1200817269497671680,7,0.7183066998640177,walking_steadiness
45,1202538688724086784,0,0.8170072907135888,walking_steadiness
70,1204955032839462912,0,0.8684079431441539,walking_steadiness
71,1204955032839462912,7,0.8087495824143218,walking_steadiness
72,1204955032839462912,14,0.7556200939752233,walking_steadiness
103,1206552050020065280,21,0.820131242893995,walking_steadiness
104,1206552050020065280,28,0.9162614872060901,walking_steadiness
105,1207005426345848832,0,0.6999289445270457,walking_steadiness
106,1207005426345848832,7,0.6414386694732352,walking_steadiness
110,1207326598656700416,0,0.7829184180438447,walking_steadiness
111,1207326598656700416,7,0.9133592059270629,walking_steadiness
121,1207428963799937024,7,0.606325169775484,walking_steadiness
125,1209054619317510144,0,0.629850448681471,walking_steadiness
127,1209054619317510144,14,0.620235501939036,walking_steadiness
142,1213495788215894016,14,0.6526909608778156,walking_steadiness
145,1213552453597499392,0,0.8682528475523021,walking_steadiness
150,1215320517226692608,0,0.8602529016744915,walking_steadiness
151,1215320517226692608,7,0.936767284875368,walking_steadiness
152,1215320517226692608,14,0.9532306259966914,walking_steadiness
153,1215320517226692608,21,0.9381202697076549,walking_steadiness
154,1215320517226692608,28,0.7691894048485886,walking_steadiness
159,1215604526359937024,28,0.7461746057551257,walking_steadiness
163,1215866445171949568,21,0.7318108689352705,walking_steadiness
164,1215866445171949568,28,0.9082806225019293,walking_steadiness
165,1217113854211493888,0,0.8894823660054572,walking_steadiness
176,1217553861704318976,7,0.6784896132141081,walking_steadiness
180,1217567720510033920,0,0.7627119267296875,walking_steadiness
181,1217567720510033920,7,0.7720244716099334,walking_steadiness
182,1217567720510033920,14,0.8991829572309304,walking_steadiness
183,1217567720510033920,21,0.9284918880681646,walking_steadiness
184,1217567720510033920,28,0.8664509874809009,walking_steadiness
188,1218500358268682240,21,0.7245189928820753,walking_steadiness
193,1219213321102397440,21,0.7677652047662559,walking_steadiness
194,1219213321102397440,28,0.8643075389597665,walking_steadiness
195,1220075038721081344,0,0.9251370670715344,walking_steadiness
196,1220075038721081344,7,0.6769136972997476,walking_steadiness
205,1220647683502927872,0,0.7797370735739603,walking_steadiness
206,1220647683502927872,7,0.9146005708126717,walking_steadiness
207,1220647683502927872,14,0.6535383296364341,walking_steadiness
220,1222271249739489280,0,0.9181850209422701,walking_steadiness
221,1222271249739489280,7,0.7750345787947753,walking_steadiness
222,1222271249739489280,14,0.6373651084610461,walking_steadiness
230,1222826978432393216,0,0.8009513069885528,walking_steadiness
247,1225417403794071552,14,0.7028679523528797,walking_steadiness
255,1225766754649972736,0,0.682984501068695,walking_steadiness
256,1225766754649972736,7,0.6142921993978815,walking_steadiness
257,1225766754649972736,14,0.7659210759074498,walking_steadiness
258,1225766754649972736,21,0.6516007742133723,walking_steadiness
261,1226471208156209152,7,0.7160506692159682,walking_steadiness
275,1226822249919160320,0,0.7845711096461053,walking_steadiness
296,1227601813916950528,7,0.8435121355659546,walking_steadiness
297,1227601813916950528,14,0.7872417042380205,walking_steadiness
310,1228016946347909120,0,0.8248972690492237,walking_steadiness
344,1200788781025734656,28,0.6066455119946923,walking_double_support_percentage_min
353,1201607725481926656,21,0.772946271333121,walking_double_support_percentage_min
354,1201607725481926656,28,0.7629215537509494,walking_double_support_percentage_min
364,1202538688724086784,28,0.6320648643104679,walking_double_support_percentage_min
369,1202702106557358080,28,0.6589801165897609,walking_double_support_percentage_min
373,1203048243023327232,21,0.6674635342513751,walking_double_support_percentage_min
382,1204157949995851776,14,0.6126479365612585,walking_double_support_percentage_min
390,1205233118415888384,0,0.8150973019278386,walking_double_support_percentage_min
391,1205233118415888384,7,0.7324544807569191,walking_double_support_percentage_min
400,1205699344464289792,0,0.6702449228021822,walking_double_support_percentage_min
401,1205699344464289792,7,0.7050440472409862,walking_double_support_percentage_min
428,1207326598656700416,21,0.6382766752419119,walking_double_support_percentage_min
429,1207326598656700416,28,0.820717363651503,walking_double_support_percentage_min
458,1213495788215894016,21,0.6703397446781967,walking_double_support_percentage_min
459,1213495788215894016,28,0.8256710967529877,walking_double_support_percentage_min
469,1215320517226692608,28,0.769551878897522,walking_double_support_percentage_min
484,1217113854211493888,28,0.60184051192766,walking_double_support_percentage_min
492,1217553861704318976,14,0.6985971589036774,walking_double_support_percentage_min
493,1217553861704318976,21,0.7304224045605853,walking_double_support_percentage_min
499,1217567720510033920,28,0.6550837496670142,walking_double_support_percentage_min
524,1220647683502927872,28,0.8454060700473254,walking_double_support_percentage_min
525,1220912304240271360,0,0.6368740876092458,walking_double_support_percentage_min
531,1221045978277421056,7,0.7772732925990399,walking_double_support_percentage_min
532,1221045978277421056,14,0.8609953366891882,walking_double_support_percentage_min
533,1221045978277421056,21,0.8923053969817702,walking_double_support_percentage_min
534,1221045978277421056,28,0.7214347771029692,walking_double_support_percentage_min
540,1222547328535764992,0,0.8276139612875303,walking_double_support_percentage_min
541,1222547328535764992,7,0.6946673645142257,walking_double_support_percentage_min
555,1224898594392580096,0,0.6816497298210856,walking_double_support_percentage_min
567,1225528304685686784,14,0.640814196037329,walking_double_support_percentage_min
580,1226531330060525568,0,0.9416462395829045,walking_double_support_percentage_min
581,1226531330060525568,7,0.9646924502784795,walking_double_support_percentage_min
582,1226531330060525568,14,0.869479537457917,walking_double_support_percentage_min
583,1226531330060525568,21,0.6721546006627053,walking_double_support_percentage_min
587,1226746711007436800,14,0.6875418863074574,walking_double_support_percentage_min
612,1227601813916950528,14,0.8790330272605117,walking_double_support_percentage_min
613,1227601813916950528,21,0.854970687367862,walking_double_support_percentage_min
618,1227677964261728256,21,0.652804626028699,walking_double_support_percentage_min
652,1200753565104091136,14,0.7181497506107171,walking_double_support_percentage_avg
653,1200753565104091136,21,0.7471696478059584,walking_double_support_percentage_avg
654,1200753565104091136,28,0.6247674437160269,walking_double_support_percentage_avg
659,1200788781025734656,28,0.6876622361143359,walking_double_support_percentage_avg
684,1202702106557358080,28,0.6413041391471541,walking_double_support_percentage_avg
705,1205233118415888384,0,0.7987691337262036,walking_double_support_percentage_avg
706,1205233118415888384,7,0.7152310103823407,walking_double_support_percentage_avg
715,1205699344464289792,0,0.7098321759106282,walking_double_support_percentage_avg
716,1205699344464289792,7,0.6558239887453874,walking_double_support_percentage_avg
742,1207326598656700416,14,0.65498655475633,walking_double_support_percentage_avg
743,1207326598656700416,21,0.6941060607074309,walking_double_support_percentage_avg
744,1207326598656700416,28,0.7880146350749999,walking_double_support_percentage_avg
745,1207337368916340736,0,0.6591185359244963,walking_double_support_percentage_avg
784,1215320517226692608,28,0.8920126390293355,walking_double_support_percentage_avg
785,1215604526359937024,0,0.69953740962768,walking_double_support_percentage_avg
786,1215604526359937024,7,0.7571615398518855,walking_double_support_percentage_avg
787,1215604526359937024,14,0.6427464579132837,walking_double_support_percentage_avg
790,1215866445171949568,0,0.7025859879067499,walking_double_support_percentage_avg
801,1217202616284119040,7,0.7660090917890404,walking_double_support_percentage_avg
802,1217202616284119040,14,0.9428594389496492,walking_double_support_percentage_avg
803,1217202616284119040,21,0.8159175200508922,walking_double_support_percentage_avg
808,1217553861704318976,21,0.6479817726783993,walking_double_support_percentage_avg
813,1217567720510033920,21,0.6490864833195437,walking_double_support_percentage_avg
814,1217567720510033920,28,0.7232650515333044,walking_double_support_percentage_avg
830,1220630307675860992,0,0.6082522800607818,walking_double_support_percentage_avg
841,1220912304240271360,7,0.6325780249412752,walking_double_support_percentage_avg
842,1220912304240271360,14,0.8481300941150333,walking_double_support_percentage_avg
843,1220912304240271360,21,0.9006623665578619,walking_double_support_percentage_avg
844,1220912304240271360,28,0.7933565310638045,walking_double_support_percentage_avg
846,1221045978277421056,7,0.7299960637364233,walking_double_support_percentage_avg
847,1221045978277421056,14,0.8185304660923738,walking_double_support_percentage_avg
848,1221045978277421056,21,0.9096456086899615,walking_double_support_percentage_avg
849,1221045978277421056,28,0.7707437936783356,walking_double_support_percentage_avg
870,1224898594392580096,0,0.6625790426116008,walking_double_support_percentage_avg
887,1225766754649972736,14,0.6062318694592623,walking_double_support_percentage_avg
888,1225766754649972736,21,0.7478124975437014,walking_double_support_percentage_avg
893,1226471208156209152,21,0.6799251592650004,walking_double_support_percentage_avg
894,1226471208156209152,28,0.6675115791258311,walking_double_support_percentage_avg
895,1226531330060525568,0,0.9771494310273376,walking_double_support_percentage_avg
896,1226531330060525568,7,0.9551921719255555,walking_double_support_percentage_avg
897,1226531330060525568,14,0.840776610875247,walking_double_support_percentage_avg
898,1226531330060525568,21,0.633440047825083,walking_double_support_percentage_avg
926,1227601813916950528,7,0.7879484020183349,walking_double_support_percentage_avg
932,1227677964261728256,14,0.7988207375937383,walking_double_support_percentage_avg
933,1227677964261728256,21,0.8724650111619169,walking_double_support_percentage_avg
938,1227678032487653376,21,0.7837184751455568,walking_double_support_percentage_avg
974,1200788781025734656,28,0.6728906900743936,walking_double_support_percentage_max
1018,1204955032839462912,21,0.6825282018183445,walking_double_support_percentage_max
1019,1204955032839462912,28,0.7374490781399665,walking_double_support_percentage_max
1021,1205233118415888384,7,0.7572044461547878,walking_double_support_percentage_max
1046,1206552050020065280,7,0.6314497952594953,walking_double_support_percentage_max
1057,1207326598656700416,14,0.6790899223523296,walking_double_support_percentage_max
1058,1207326598656700416,21,0.6987179281846094,walking_double_support_percentage_max
1077,1209491295756034048,14,0.8363474691747325,walking_double_support_percentage_max
1078,1209491295756034048,21,0.7507294627509309,walking_double_support_percentage_max
1091,1213552453597499392,7,0.7845893062991783,walking_double_support_percentage_max
1098,1215320517226692608,21,0.7837164100365985,walking_double_support_percentage_max
1099,1215320517226692608,28,0.9568063958017975,walking_double_support_percentage_max
1101,1215604526359937024,7,0.6719061582515217,walking_double_support_percentage_max
1102,1215604526359937024,14,0.7802767914160156,walking_double_support_percentage_max
1103,1215604526359937024,21,0.7743001679111614,walking_double_support_percentage_max
1104,1215604526359937024,28,0.8489287906000046,walking_double_support_percentage_max
1128,1217567720510033920,21,0.6562472689834339,walking_double_support_percentage_max
1138,1219213321102397440,21,0.6134164473933952,walking_double_support_percentage_max
1145,1220630307675860992,0,0.6071856165436531,walking_double_support_percentage_max
1149,1220630307675860992,28,0.6873683673524414,walking_double_support_percentage_max
1157,1220912304240271360,14,0.8949962856928882,walking_double_support_percentage_max
1158,1220912304240271360,21,0.9509757553023285,walking_double_support_percentage_max
1159,1220912304240271360,28,0.786303999930586,walking_double_support_percentage_max
1162,1221045978277421056,14,0.9164480342236533,walking_double_support_percentage_max
1163,1221045978277421056,21,0.8706721063917614,walking_double_support_percentage_max
1164,1221045978277421056,28,0.627728493919099,walking_double_support_percentage_max
1175,1222826978432393216,0,0.6078618388346201,walking_double_support_percentage_max
1185,1224898594392580096,0,0.7383644729114203,walking_double_support_percentage_max
1186,1224898594392580096,7,0.7122948043638379,walking_double_support_percentage_max
1187,1224898594392580096,14,0.668970949372219,walking_double_support_percentage_max
1195,1225528304685686784,0,0.611098486293039,walking_double_support_percentage_max
1202,1225766754649972736,14,0.8495810226755023,walking_double_support_percentage_max
1203,1225766754649972736,21,0.8796512412468469,walking_double_support_percentage_max
1210,1226531330060525568,0,0.9820982794913814,walking_double_support_percentage_max
1211,1226531330060525568,7,0.948809800699208,walking_double_support_percentage_max
1212,1226531330060525568,14,0.8284690837526036,walking_double_support_percentage_max
1213,1226531330060525568,21,0.6126448964989201,walking_double_support_percentage_max
1222,1226822249919160320,14,0.6573608103683164,walking_double_support_percentage_max
1223,1226822249919160320,21,0.6207100983374647,walking_double_support_percentage_max
1246,1227677964261728256,7,0.7183087442232655,walking_double_support_percentage_max
1247,1227677964261728256,14,0.913460609738228,walking_double_support_percentage_max
1248,1227677964261728256,21,0.6468056665810425,walking_double_support_percentage_max
1260,1018555918008258560,0,0.85538513243679,walking_asymmetry_percentage_min
1289,1200788781025734656,28,0.6120938362888648,walking_asymmetry_percentage_min
1326,1204157949995851776,7,0.7873034892641692,walking_asymmetry_percentage_min
1327,1204157949995851776,14,0.6850672887499314,walking_asymmetry_percentage_min
1328,1204157949995851776,21,0.6908713142127328,walking_asymmetry_percentage_min
1329,1204157949995851776,28,0.7999811973137217,walking_asymmetry_percentage_min
1339,1205233118415888384,28,0.7832796670603328,walking_asymmetry_percentage_min
1373,1207326598656700416,21,0.6104627294016011,walking_asymmetry_percentage_min
1374,1207326598656700416,28,0.6490144641477184,walking_asymmetry_percentage_min
1395,1210502516032155648,0,0.6348630030251059,walking_asymmetry_percentage_min
1396,1210502516032155648,7,0.7435594259014776,walking_asymmetry_percentage_min
1416,1215604526359937024,7,0.6485467632094298,walking_asymmetry_percentage_min
1437,1217553861704318976,14,0.8520268552730949,walking_asymmetry_percentage_min
1453,1219213321102397440,21,0.7686954264207791,walking_asymmetry_percentage_min
1454,1219213321102397440,28,0.7220619123643178,walking_asymmetry_percentage_min
1487,1222547328535764992,14,0.8942197446999443,walking_asymmetry_percentage_min
1488,1222547328535764992,21,0.7982722991334503,walking_asymmetry_percentage_min
1510,1225528304685686784,0,0.6990762410569521,walking_asymmetry_percentage_min
1511,1225528304685686784,7,0.8613470213200901,walking_asymmetry_percentage_min
1512,1225528304685686784,14,0.8026543168892757,walking_asymmetry_percentage_min
1555,1227601813916950528,0,0.7284794872415765,walking_asymmetry_percentage_min
1556,1227601813916950528,7,0.866471539616679,walking_asymmetry_percentage_min
1557,1227601813916950528,14,0.8743482869137341,walking_asymmetry_percentage_min
1558,1227601813916950528,21,0.7309171417036292,walking_asymmetry_percentage_min
1567,1227678032487653376,14,0.659909300561551,walking_asymmetry_percentage_min
1599,1200753565104091136,28,0.6689078875522543,walking_asymmetry_percentage_avg
1610,1201607725481926656,0,0.6124479056621832,walking_asymmetry_percentage_avg
1611,1201607725481926656,7,0.6307930566910358,walking_asymmetry_percentage_avg
1619,1202352956833734656,28,0.6575225642778589,walking_asymmetry_percentage_avg
1624,1202538688724086784,28,0.8096137290784498,walking_asymmetry_percentage_avg
1632,1203048243023327232,14,0.625178778720881,walking_asymmetry_percentage_avg
1637,1203363896473169920,14,0.6157767483156393,walking_asymmetry_percentage_avg
1644,1204157949995851776,28,0.6025435441497046,walking_asymmetry_percentage_avg
1660,1205699344464289792,0,0.6256646758335142,walking_asymmetry_percentage_avg
1684,1207005426345848832,28,0.6932565797714381,walking_asymmetry_percentage_avg
1689,1207326598656700416,28,0.6522820508779169,walking_asymmetry_percentage_avg
1694,1207337368916340736,28,0.7028151094888538,walking_asymmetry_percentage_avg
1699,1207428963799937024,28,0.6769567924584846,walking_asymmetry_percentage_avg
1705,1209491295756034048,0,0.6964665744557378,walking_asymmetry_percentage_avg
1706,1209491295756034048,7,0.7640297401981189,walking_asymmetry_percentage_avg
1707,1209491295756034048,14,0.6190914925853557,walking_asymmetry_percentage_avg
1710,1210502516032155648,0,0.6247147062975607,walking_asymmetry_percentage_avg
1724,1213552453597499392,28,0.6535207057273678,walking_asymmetry_percentage_avg
1728,1215320517226692608,21,0.6857097660703798,walking_asymmetry_percentage_avg
1729,1215320517226692608,28,0.8365777995720467,walking_asymmetry_percentage_avg
1730,1215604526359937024,0,0.6228154375859322,walking_asymmetry_percentage_avg
1731,1215604526359937024,7,0.7441076925523199,walking_asymmetry_percentage_avg
1732,1215604526359937024,14,0.8343841819302114,walking_asymmetry_percentage_avg
1733,1215604526359937024,21,0.8073222060528443,walking_asymmetry_percentage_avg
1734,1215604526359937024,28,0.7556308583630367,walking_asymmetry_percentage_avg
1752,1217553861704318976,14,0.8763082845013561,walking_asymmetry_percentage_avg
1759,1217567720510033920,28,0.8355752066273122,walking_asymmetry_percentage_avg
1762,1218500358268682240,14,0.6165985094523573,walking_asymmetry_percentage_avg
1775,1220630307675860992,0,0.6175902147199948,walking_asymmetry_percentage_avg
1784,1220647683502927872,28,0.8295805245104487,walking_asymmetry_percentage_avg
1787,1220912304240271360,14,0.7742006070731553,walking_asymmetry_percentage_avg
1788,1220912304240271360,21,0.7655572189611085,walking_asymmetry_percentage_avg
1789,1220912304240271360,28,0.6516594897932507,walking_asymmetry_percentage_avg
1796,1222271249739489280,7,0.7612650458566184,walking_asymmetry_percentage_avg
1797,1222271249739489280,14,0.854268736851648,walking_asymmetry_percentage_avg
1798,1222271249739489280,21,0.8993800951817607,walking_asymmetry_percentage_avg
1799,1222271249739489280,28,0.8089762852386964,walking_asymmetry_percentage_avg
1825,1225528304685686784,0,0.8700616168305794,walking_asymmetry_percentage_avg
1826,1225528304685686784,7,0.6665523341459396,walking_asymmetry_percentage_avg
1837,1226471208156209152,14,0.8553035182221077,walking_asymmetry_percentage_avg
1838,1226471208156209152,21,0.9298888047144339,walking_asymmetry_percentage_avg
1855,1226833626226368512,0,0.8385883773083548,walking_asymmetry_percentage_avg
1860,1226868397291741184,0,0.6350218319603855,walking_asymmetry_percentage_avg
1861,1226868397291741184,7,0.8706742302245711,walking_asymmetry_percentage_avg
1870,1227601813916950528,0,0.741627562567051,walking_asymmetry_percentage_avg
1871,1227601813916950528,7,0.6904438623361397,walking_asymmetry_percentage_avg
1878,1227677964261728256,21,0.7240709401882857,walking_asymmetry_percentage_avg
1882,1227678032487653376,14,0.7693118664685642,walking_asymmetry_percentage_avg
1883,1227678032487653376,21,0.8997223221377535,walking_asymmetry_percentage_avg
1894,1018555918008258560,28,0.6001339942409529,walking_asymmetry_percentage_max
1914,1200753565104091136,28,0.7011334008578097,walking_asymmetry_percentage_max
1934,1202352956833734656,28,0.6800447214931219,walking_asymmetry_percentage_max
1938,1202538688724086784,21,0.7863058290031332,walking_asymmetry_percentage_max
1939,1202538688724086784,28,0.8864613489619911,walking_asymmetry_percentage_max
1973,1205417639895572480,21,0.8764243308109898,walking_asymmetry_percentage_max
1999,1207005426345848832,28,0.7181593938312546,walking_asymmetry_percentage_max
2014,1207428963799937024,28,0.6460921990131612,walking_asymmetry_percentage_max
2020,1209491295756034048,0,0.7206380606358425,walking_asymmetry_percentage_max
2021,1209491295756034048,7,0.7934960494325876,walking_asymmetry_percentage_max
2022,1209491295756034048,14,0.6863395126436793,walking_asymmetry_percentage_max
2041,1215320517226692608,7,0.6071295568175265,walking_asymmetry_percentage_max
2044,1215320517226692608,28,0.734258441877165,walking_asymmetry_percentage_max
2047,1215604526359937024,14,0.6378966040494323,walking_asymmetry_percentage_max
2048,1215604526359937024,21,0.702016332538213,walking_asymmetry_percentage_max
2049,1215604526359937024,28,0.8027665895185714,walking_asymmetry_percentage_max
2067,1217553861704318976,14,0.8645608410773812,walking_asymmetry_percentage_max
2074,1217567720510033920,28,0.8079472410506044,walking_asymmetry_percentage_max
2090,1220630307675860992,0,0.7942473558205182,walking_asymmetry_percentage_max
2099,1220647683502927872,28,0.6297435304787737,walking_asymmetry_percentage_max
2102,1220912304240271360,14,0.8555300976370691,walking_asymmetry_percentage_max
2103,1220912304240271360,21,0.794331353783558,walking_asymmetry_percentage_max
2112,1222271249739489280,14,0.7340648992442098,walking_asymmetry_percentage_max
2113,1222271249739489280,21,0.8446269824471904,walking_asymmetry_percentage_max
2114,1222271249739489280,28,0.7210423246814002,walking_asymmetry_percentage_max
2130,1224898594392580096,0,0.8335154665872078,walking_asymmetry_percentage_max
2140,1225528304685686784,0,0.6586528233318609,walking_asymmetry_percentage_max
2149,1225766754649972736,28,0.7530300503878118,walking_asymmetry_percentage_max
2152,1226471208156209152,14,0.7986149544044717,walking_asymmetry_percentage_max
2153,1226471208156209152,21,0.9150457738242833,walking_asymmetry_percentage_max
2155,1226531330060525568,0,0.8560749719085261,walking_asymmetry_percentage_max
2156,1226531330060525568,7,0.8051581465010702,walking_asymmetry_percentage_max
2157,1226531330060525568,14,0.6277219544614863,walking_asymmetry_percentage_max
2170,1226833626226368512,0,0.9623561006464654,walking_asymmetry_percentage_max
2171,1226833626226368512,7,0.7973476548746398,walking_asymmetry_percentage_max
2191,1227677964261728256,7,0.7073267650904344,walking_asymmetry_percentage_max
2192,1227677964261728256,14,0.9147866511159432,walking_asymmetry_percentage_max
2193,1227677964261728256,21,0.9139602793995865,walking_asymmetry_percentage_max
2197,1227678032487653376,14,0.6457018586442601,walking_asymmetry_percentage_max
2198,1227678032487653376,21,0.9238357632824327,walking_asymmetry_percentage_max
2301,1206288961544138752,7,0.688227776041163,walking_speed_min
2308,1206552050020065280,21,0.7297922346304415,walking_speed_min
2309,1206552050020065280,28,0.8232443597866254,walking_speed_min
2314,1207005426345848832,28,0.6994439109378353,walking_speed_min
2340,1210502516032155648,0,0.6661311505546841,walking_speed_min
2341,1210502516032155648,7,0.7962153246113505,walking_speed_min
2342,1210502516032155648,14,0.6311345819866088,walking_speed_min
2369,1215866445171949568,28,0.7072640898476811,walking_speed_min
2374,1217113854211493888,28,0.7093229645189184,walking_speed_min
2390,1218500358268682240,0,0.6256549092070708,walking_speed_min
2391,1218500358268682240,7,0.7908928344039555,walking_speed_min
2392,1218500358268682240,14,0.718487624974101,walking_speed_min
2395,1219213321102397440,0,0.8032207431030811,walking_speed_min
2396,1219213321102397440,7,0.7381570684949332,walking_speed_min
2400,1220075038721081344,0,0.8767081220413588,walking_speed_min
2401,1220075038721081344,7,0.8577433532078513,walking_speed_min
2402,1220075038721081344,14,0.8013788725408589,walking_speed_min
2403,1220075038721081344,21,0.8203324709987767,walking_speed_min
2404,1220075038721081344,28,0.7625740236568679,walking_speed_min
2410,1220647683502927872,0,0.7465755425871267,walking_speed_min
2414,1220647683502927872,28,0.7227250087327863,walking_speed_min
2415,1220912304240271360,0,0.6194707497639532,walking_speed_min
2428,1222271249739489280,21,0.6002976440084251,walking_speed_min
2429,1222271249739489280,28,0.9045332961842067,walking_speed_min
2443,1222888097134026752,21,0.6418112874423012,walking_speed_min
2444,1222888097134026752,28,0.6063968293633257,walking_speed_min
2454,1225417403794071552,28,0.7861442645766584,walking_speed_min
2457,1225528304685686784,14,0.839812151739858,walking_speed_min
2458,1225528304685686784,21,0.650146437162323,walking_speed_min
2475,1226746711007436800,0,0.6761182220286204,walking_speed_min
2485,1226833626226368512,0,0.7783156886355235,walking_speed_min
2486,1226833626226368512,7,0.7997569063207164,walking_speed_min
2492,1226868397291741184,14,0.9163494051590411,walking_speed_min
2493,1226868397291741184,21,0.7857938715985902,walking_speed_min
2499,1226887605622808576,28,0.635196027910923,walking_speed_min
2500,1227601813916950528,0,0.8715122954407661,walking_speed_min
2501,1227601813916950528,7,0.718089235832726,walking_speed_min
2510,1227678032487653376,0,0.6464553304189372,walking_speed_min
2511,1227678032487653376,7,0.9219575925103087,walking_speed_min
2512,1227678032487653376,14,0.7698028250648696,walking_speed_min
2515,1228016946347909120,0,0.8226278815000463,walking_speed_min
2516,1228016946347909120,7,0.916988189427809,walking_speed_min
2517,1228016946347909120,14,0.7419879601654257,walking_speed_min
2523,1018555918008258560,21,0.829770182089145,walking_speed_avg
2524,1018555918008258560,28,0.6509186635067822,walking_speed_avg
2538,1200074200358264832,21,0.695089915251153,walking_speed_avg
2539,1200074200358264832,28,0.824585607453576,walking_speed_avg
2570,1202702106557358080,0,0.8137872235182999,walking_speed_avg
2571,1202702106557358080,7,0.7808114540303301,walking_speed_avg
2572,1202702106557358080,14,0.6585807176860362,walking_speed_avg
2626,1207005426345848832,7,0.6174284837122204,walking_speed_avg
2627,1207005426345848832,14,0.6415738862654641,walking_speed_avg
2647,1209054619317510144,14,0.7594585253299717,walking_speed_avg
2648,1209054619317510144,21,0.8973653870207469,walking_speed_avg
2649,1209054619317510144,28,0.8252751758089774,walking_speed_avg
2656,1210502516032155648,7,0.8232192400574418,walking_speed_avg
2657,1210502516032155648,14,0.6835103255749011,walking_speed_avg
2679,1215604526359937024,28,0.7940707506451169,walking_speed_avg
2683,1215866445171949568,21,0.8589468108876633,walking_speed_avg
2684,1215866445171949568,28,0.9219655960558099,walking_speed_avg
2685,1217113854211493888,0,0.6139878929310455,walking_speed_avg
2710,1219213321102397440,0,0.6866500500984593,walking_speed_avg
2711,1219213321102397440,7,0.6600974077200398,walking_speed_avg
2715,1220075038721081344,0,0.8591379578343046,walking_speed_avg
2716,1220075038721081344,7,0.9347736706705305,walking_speed_avg
2717,1220075038721081344,14,0.8758362772322322,walking_speed_avg
2718,1220075038721081344,21,0.8066154480570761,walking_speed_avg
2722,1220630307675860992,14,0.7313138695449196,walking_speed_avg
2726,1220647683502927872,7,0.7938667731568069,walking_speed_avg
2727,1220647683502927872,14,0.6380869377233963,walking_speed_avg
2749,1222547328535764992,28,0.8097777577315817,walking_speed_avg
2753,1222826978432393216,21,0.7927682965967521,walking_speed_avg
2756,1222888097134026752,7,0.6930934150076501,walking_speed_avg
2757,1222888097134026752,14,0.9240623122744706,walking_speed_avg
2758,1222888097134026752,21,0.9118983273296286,walking_speed_avg
2759,1222888097134026752,28,0.7121028140592655,walking_speed_avg
2772,1225528304685686784,14,0.6865433301932328,walking_speed_avg
2775,1225766754649972736,0,0.7892173906406382,walking_speed_avg
2790,1226746711007436800,0,0.6631313387178951,walking_speed_avg
2800,1226833626226368512,0,0.6538061608190242,walking_speed_avg
2801,1226833626226368512,7,0.820952868433272,walking_speed_avg
2806,1226868397291741184,7,0.7274435371920465,walking_speed_avg
2810,1226887605622808576,0,0.8240528247156347,walking_speed_avg
2825,1227678032487653376,0,0.7366783655425327,walking_speed_avg
2826,1227678032487653376,7,0.8021761759066762,walking_speed_avg
2831,1228016946347909120,7,0.8547488535889017,walking_speed_avg
2832,1228016946347909120,14,0.8294567668129317,walking_speed_avg
2838,1018555918008258560,21,0.7806896243096995,walking_speed_max
2839,1018555918008258560,28,0.6469675243840526,walking_speed_max
2853,1200074200358264832,21,0.7453609389012538,walking_speed_max
2854,1200074200358264832,28,0.8370032904767769,walking_speed_max
2885,1202702106557358080,0,0.8060478439945579,walking_speed_max
2886,1202702106557358080,7,0.7945853073893032,walking_speed_max
2887,1202702106557358080,14,0.6813150354116289,walking_speed_max
2914,1205233118415888384,28,0.6454070584874043,walking_speed_max
2936,1206552050020065280,7,0.6442912500135108,walking_speed_max
2963,1209054619317510144,21,0.7738895695382575,walking_speed_max
2964,1209054619317510144,28,0.880189628123523,walking_speed_max
2971,1210502516032155648,7,0.7190576931628214,walking_speed_max
2972,1210502516032155648,14,0.6518850216791521,walking_speed_max
2975,1213495788215894016,0,0.7989960842005284,walking_speed_max
2981,1213552453597499392,7,0.6733081008942657,walking_speed_max
2982,1213552453597499392,14,0.6537641994238046,walking_speed_max
2993,1215604526359937024,21,0.7381717925821062,walking_speed_max
2994,1215604526359937024,28,0.9407322754398538,walking_speed_max
2997,1215866445171949568,14,0.6761194227243926,walking_speed_max
2998,1215866445171949568,21,0.9359574989662011,walking_speed_max
2999,1215866445171949568,28,0.7554862487989855,walking_speed_max
3022,1218500358268682240,14,0.6246749041876607,walking_speed_max
3023,1218500358268682240,21,0.6641635049367631,walking_speed_max
3024,1218500358268682240,28,0.6744714928566116,walking_speed_max
3025,1219213321102397440,0,0.6325580975331107,walking_speed_max
3026,1219213321102397440,7,0.7884536132579486,walking_speed_max
3027,1219213321102397440,14,0.768515042761583,walking_speed_max
3031,1220075038721081344,7,0.779077196106057,walking_speed_max
3032,1220075038721081344,14,0.9543075731931437,walking_speed_max
3033,1220075038721081344,21,0.8568324739024318,walking_speed_max
3036,1220630307675860992,7,0.8599999572216523,walking_speed_max
3037,1220630307675860992,14,0.8227316734934926,walking_speed_max
3041,1220647683502927872,7,0.711077311512291,walking_speed_max
3072,1222888097134026752,14,0.7314152831061338,walking_speed_max
3073,1222888097134026752,21,0.789591380720927,walking_speed_max
3081,1225417403794071552,7,0.7202692795946959,walking_speed_max
3082,1225417403794071552,14,0.769550872303485,walking_speed_max
3090,1225766754649972736,0,0.7919262626871402,walking_speed_max
3091,1225766754649972736,7,0.8496549255256695,walking_speed_max
3092,1225766754649972736,14,0.9103004162640819,walking_speed_max
3093,1225766754649972736,21,0.9132107050089745,walking_speed_max
3094,1225766754649972736,28,0.615108775063432,walking_speed_max
3098,1226471208156209152,21,0.7983054122005221,walking_speed_max
3121,1226868397291741184,7,0.7969671359234071,walking_speed_max
3125,1226887605622808576,0,0.798739142106726,walking_speed_max
3141,1227678032487653376,7,0.7729595778185889,walking_speed_max
3146,1228016946347909120,7,0.8537507418018307,walking_speed_max
3147,1228016946347909120,14,0.7935674522157847,walking_speed_max
3217,1204157949995851776,14,0.6174261444430265,walking_step_length_min
3218,1204157949995851776,21,0.6951205590362589,walking_step_length_min
3219,1204157949995851776,28,0.7275532693721699,walking_step_length_min
3245,1206288961544138752,0,0.6151882547844058,walking_step_length_min
3246,1206288961544138752,7,0.8057307891198461,walking_step_length_min
3253,1206552050020065280,21,0.7256757727616274,walking_step_length_min
3254,1206552050020065280,28,0.8412145576570649,walking_step_length_min
3259,1207005426345848832,28,0.680857198814261,walking_step_length_min
3260,1207326598656700416,0,0.7294908474629052,walking_step_length_min
3261,1207326598656700416,7,0.6388475154145424,walking_step_length_min
3285,1210502516032155648,0,0.9046813638720035,walking_step_length_min
3286,1210502516032155648,7,0.867952712771314,walking_step_length_min
3287,1210502516032155648,14,0.6559670266018922,walking_step_length_min
3293,1213495788215894016,21,0.7695352640825625,walking_step_length_min
3319,1217113854211493888,28,0.6362720302672173,walking_step_length_min
3324,1217202616284119040,28,0.8088419933518985,walking_step_length_min
3340,1219213321102397440,0,0.8432743314036063,walking_step_length_min
3341,1219213321102397440,7,0.877127243148687,walking_step_length_min
3342,1219213321102397440,14,0.7057768046079986,walking_step_length_min
3346,1220075038721081344,7,0.8479649764473679,walking_step_length_min
3347,1220075038721081344,14,0.9631126674038684,walking_step_length_min
3348,1220075038721081344,21,0.8652767927921102,walking_step_length_min
3349,1220075038721081344,28,0.6065839710879762,walking_step_length_min
3356,1220647683502927872,7,0.7004089447028872,walking_step_length_min
3357,1220647683502927872,14,0.6018850743279807,walking_step_length_min
3360,1220912304240271360,0,0.9069859623517968,walking_step_length_min
3402,1225528304685686784,14,0.8097622368333717,walking_step_length_min
3420,1226746711007436800,0,0.7013807383114806,walking_step_length_min
3421,1226746711007436800,7,0.6500712970953626,walking_step_length_min
3422,1226746711007436800,14,0.7477929356791689,walking_step_length_min
3423,1226746711007436800,21,0.6922915274880937,walking_step_length_min
3431,1226833626226368512,7,0.8879224958647847,walking_step_length_min
3437,1226868397291741184,14,0.8066468450350713,walking_step_length_min
3438,1226868397291741184,21,0.8593761828258781,walking_step_length_min
3445,1227601813916950528,0,0.6141568373531807,walking_step_length_min
3456,1227678032487653376,7,0.9806483784879269,walking_step_length_min
3457,1227678032487653376,14,0.7884010909266731,walking_step_length_min
3460,1228016946347909120,0,0.9093749505721016,walking_step_length_min
3461,1228016946347909120,7,0.9142200100293983,walking_step_length_min
3462,1228016946347909120,14,0.6966655618299125,walking_step_length_min
3468,1018555918008258560,21,0.6175245622112977,walking_step_length_avg
3469,1018555918008258560,28,0.9068987020123918,walking_step_length_avg
3484,1200074200358264832,28,0.7076530373207802,walking_step_length_avg
3515,1202702106557358080,0,0.7480772608595787,walking_step_length_avg
3516,1202702106557358080,7,0.6776068800847546,walking_step_length_avg
3548,1205417639895572480,21,0.6673757577228396,walking_step_length_avg
3566,1206552050020065280,7,0.7193617236071844,walking_step_length_avg
3572,1207005426345848832,14,0.6178380225570609,walking_step_length_avg
3573,1207005426345848832,21,0.6689739713078138,walking_step_length_avg
3575,1207326598656700416,0,0.6467799034079879,walking_step_length_avg
3590,1209054619317510144,0,0.6860748537083373,walking_step_length_avg
3591,1209054619317510144,7,0.809500720973848,walking_step_length_avg
3592,1209054619317510144,14,0.6860599700013346,walking_step_length_avg
3593,1209054619317510144,21,0.6322367806214225,walking_step_length_avg
3594,1209054619317510144,28,0.745792138743326,walking_step_length_avg
3600,1210502516032155648,0,0.7015200682034352,walking_step_length_avg
3601,1210502516032155648,7,0.8243186697853594,walking_step_length_avg
3624,1215604526359937024,28,0.755539795433768,walking_step_length_avg
3628,1215866445171949568,21,0.7534300414204607,walking_step_length_avg
3629,1215866445171949568,28,0.9629985966628523,walking_step_length_avg
3630,1217113854211493888,0,0.6642303955021039,walking_step_length_avg
3651,1218500358268682240,7,0.6901253035251911,walking_step_length_avg
3652,1218500358268682240,14,0.607075843699476,walking_step_length_avg
3655,1219213321102397440,0,0.6788899182961479,walking_step_length_avg
3660,1220075038721081344,0,0.6840827212171556,walking_step_length_avg
3661,1220075038721081344,7,0.9749424275310483,walking_step_length_avg
3662,1220075038721081344,14,0.9472260542387311,walking_step_length_avg
3663,1220075038721081344,21,0.7943201155808678,walking_step_length_avg
3671,1220647683502927872,7,0.6404983414707284,walking_step_length_avg
3694,1222547328535764992,28,0.6680891012279707,walking_step_length_avg
3702,1222888097134026752,14,0.8242766604878148,walking_step_length_avg
3703,1222888097134026752,21,0.9087992040212025,walking_step_length_avg
3704,1222888097134026752,28,0.7066576855286806,walking_step_length_avg
3707,1224898594392580096,14,0.7060307453546386,walking_step_length_avg
3708,1224898594392580096,21,0.649924976558787,walking_step_length_avg
3711,1225417403794071552,7,0.6060251000741479,walking_step_length_avg
3731,1226531330060525568,7,0.8443431787915732,walking_step_length_avg
3732,1226531330060525568,14,0.7954044896354984,walking_step_length_avg
3745,1226833626226368512,0,0.6240619771056023,walking_step_length_avg
3746,1226833626226368512,7,0.7764517901346751,walking_step_length_avg
3751,1226868397291741184,7,0.7745642627699907,walking_step_length_avg
3752,1226868397291741184,14,0.7510769133327916,walking_step_length_avg
3760,1227601813916950528,0,0.720749898529578,walking_step_length_avg
3770,1227678032487653376,0,0.6156333216203839,walking_step_length_avg
3771,1227678032487653376,7,0.9267571805949234,walking_step_length_avg
3772,1227678032487653376,14,0.6643322060307084,walking_step_length_avg
3776,1228016946347909120,7,0.8427859009963038,walking_step_length_avg
3777,1228016946347909120,14,0.8504321070946554,walking_step_length_avg
3783,1018555918008258560,21,0.672832073400669,walking_step_length_max
3784,1018555918008258560,28,0.8336866752170017,walking_step_length_max
3798,1200074200358264832,21,0.6013523767680324,walking_step_length_max
3799,1200074200358264832,28,0.8027142806771127,walking_step_length_max
3815,1201607725481926656,0,0.7154405775010179,walking_step_length_max
3825,1202538688724086784,0,0.6049968918674403,walking_step_length_max
3830,1202702106557358080,0,0.7140202465595501,walking_step_length_max
3831,1202702106557358080,7,0.6381067604318295,walking_step_length_max
3844,1203363896473169920,28,0.6162926241278385,walking_step_length_max
3859,1205233118415888384,28,0.7088645291868478,walking_step_length_max
3886,1207005426345848832,7,0.6041933558736082,walking_step_length_max
3887,1207005426345848832,14,0.6181604296466964,walking_step_length_max
3909,1209054619317510144,28,0.7165929919092406,walking_step_length_max
3914,1209491295756034048,28,0.8505677779407964,walking_step_length_max
3916,1210502516032155648,7,0.6737358310093626,walking_step_length_max
3920,1213495788215894016,0,0.6609240306164752,walking_step_length_max
3926,1213552453597499392,7,0.650098425972195,walking_step_length_max
3938,1215604526359937024,21,0.720284249026237,walking_step_length_max
3939,1215604526359937024,28,0.8888947164338378,walking_step_length_max
3943,1215866445171949568,21,0.6310031834605414,walking_step_length_max
3944,1215866445171949568,28,0.67530522494305,walking_step_length_max
3967,1218500358268682240,14,0.6139332101741065,walking_step_length_max
3969,1218500358268682240,28,0.6514796598220797,walking_step_length_max
3970,1219213321102397440,0,0.6555160048377011,walking_step_length_max
3971,1219213321102397440,7,0.7728127495839558,walking_step_length_max
3972,1219213321102397440,14,0.6392310508623259,walking_step_length_max
3978,1220075038721081344,21,0.7196271331774652,walking_step_length_max
3981,1220630307675860992,7,0.8862558251986394,walking_step_length_max
3982,1220630307675860992,14,0.7958107903424019,walking_step_length_max
3986,1220647683502927872,7,0.6517094751752734,walking_step_length_max
3993,1220912304240271360,21,0.8253572164977004,walking_step_length_max
3994,1220912304240271360,28,0.7269548414575825,walking_step_length_max
4017,1222888097134026752,14,0.7574262457554314,walking_step_length_max
4018,1222888097134026752,21,0.8231296042155181,walking_step_length_max
4022,1224898594392580096,14,0.6421973308358688,walking_step_length_max
4025,1225417403794071552,0,0.6600772708981353,walking_step_length_max
4026,1225417403794071552,7,0.9314108375015393,walking_step_length_max
4027,1225417403794071552,14,0.8127413218126899,walking_step_length_max
4035,1225766754649972736,0,0.6719340766182462,walking_step_length_max
4038,1225766754649972736,21,0.607159349268285,walking_step_length_max
4041,1226471208156209152,7,0.8384146409638061,walking_step_length_max
4045,1226531330060525568,0,0.6042768730118164,walking_step_length_max
4046,1226531330060525568,7,0.678629012680022,walking_step_length_max
4051,1226746711007436800,7,0.629956105467664,walking_step_length_max
4066,1226868397291741184,7,0.7829137861336314,walking_step_length_max
4075,1227601813916950528,0,0.6616842495198383,walking_step_length_max
4082,1227677964261728256,14,0.7663024951226312,walking_step_length_max
4086,1227678032487653376,7,0.8575634317647025,walking_step_length_max
4087,1227678032487653376,14,0.8429577257708973,walking_step_length_max
4091,1228016946347909120,7,0.7991244899319901,walking_step_length_max
4092,1228016946347909120,14,0.8176292782214376,walking_step_length_max
4107,1195995458591272960,14,0.6625228923330134,walking_distance
4108,1195995458591272960,21,0.7066560244879968,walking_distance
4109,1195995458591272960,28,0.7136468352900227,walking_distance
4113,1200074200358264832,21,0.6247001096250572,walking_distance
4143,1202538688724086784,21,0.6226259173107277,walking_distance
4144,1202538688724086784,28,0.6390752573597422,walking_distance
4145,1202702106557358080,0,0.7484318037549835,walking_distance
4146,1202702106557358080,7,0.7393209066570839,walking_distance
4165,1204955032839462912,0,0.6791797499625177,walking_distance
4177,1205417639895572480,14,0.7417144771787183,walking_distance
4178,1205417639895572480,21,0.8736109518722829,walking_distance
4201,1207005426345848832,7,0.7607735649887744,walking_distance
4202,1207005426345848832,14,0.6448788128249375,walking_distance
4226,1209491295756034048,7,0.6387797476669015,walking_distance
4227,1209491295756034048,14,0.7059244981076054,walking_distance
4228,1209491295756034048,21,0.6137541408801187,walking_distance
4240,1213552453597499392,0,0.7253808520686935,walking_distance
4241,1213552453597499392,7,0.6088084622276929,walking_distance
4259,1215866445171949568,28,0.7939404629455403,walking_distance
4260,1217113854211493888,0,0.8114273602982721,walking_distance
4274,1217553861704318976,28,0.6787530264182331,walking_distance
4278,1217567720510033920,21,0.7470708384546441,walking_distance
4283,1218500358268682240,21,0.6537050392526871,walking_distance
4284,1218500358268682240,28,0.7577446834900515,walking_distance
4310,1221045978277421056,0,0.7294850582123036,walking_distance
4315,1222271249739489280,0,0.6449415734234194,walking_distance
4323,1222547328535764992,21,0.6941192860885043,walking_distance
4324,1222547328535764992,28,0.9302783837535106,walking_distance
4325,1222826978432393216,0,0.6468285599672244,walking_distance
4330,1222888097134026752,0,0.7705041091316273,walking_distance
4335,1224898594392580096,0,0.7869221028077197,walking_distance
4336,1224898594392580096,7,0.7897494475847354,walking_distance
4340,1225417403794071552,0,0.8254740412857204,walking_distance
4351,1225766754649972736,7,0.6161544467006841,walking_distance
4352,1225766754649972736,14,0.8721041913247026,walking_distance
4353,1225766754649972736,21,0.9278727590419963,walking_distance
4357,1226471208156209152,14,0.8015418923070851,walking_distance
4358,1226471208156209152,21,0.8820316773813803,walking_distance
4360,1226531330060525568,0,0.9616864579905847,walking_distance
4361,1226531330060525568,7,0.8863210036613185,walking_distance
4362,1226531330060525568,14,0.7873531624736838,walking_distance
4370,1226822249919160320,0,0.6636305029369771,walking_distance
4371,1226822249919160320,7,0.8731565932006422,walking_distance
4372,1226822249919160320,14,0.9406417859693631,walking_distance
4373,1226822249919160320,21,0.9037437998443041,walking_distance
4381,1226868397291741184,7,0.7822665060764473,walking_distance
4382,1226868397291741184,14,0.6642150948934071,walking_distance
4385,1226887605622808576,0,0.7672429016156102,walking_distance
4396,1227677964261728256,7,0.8143028064286866,walking_distance
4397,1227677964261728256,14,0.9635268569135462,walking_distance
4398,1227677964261728256,21,0.86017970962972,walking_distance
4405,1228016946347909120,0,0.7653175071406895,walking_distance
4406,1228016946347909120,7,0.9782707041951306,walking_distance
4407,1228016946347909120,14,0.7959451336804925,walking_distance
4460,1202702106557358080,0,0.7167239995209372,flights_climbed
4461,1202702106557358080,7,0.8760792109399305,flights_climbed
4462,1202702106557358080,14,0.7952215582825801,flights_climbed
4480,1204955032839462912,0,0.8441860856887994,flights_climbed
4481,1204955032839462912,7,0.6711953415507131,flights_climbed
4485,1205233118415888384,0,0.8704799007591506,flights_climbed
4486,1205233118415888384,7,0.7426075300483941,flights_climbed
4492,1205417639895572480,14,0.8760828965795406,flights_climbed
4541,1209491295756034048,7,0.618189635691925,flights_climbed
4542,1209491295756034048,14,0.6404515652949108,flights_climbed
4564,1215320517226692608,28,0.6575143618979341,flights_climbed
4566,1215604526359937024,7,0.6806206650168338,flights_climbed
4567,1215604526359937024,14,0.7181699571157742,flights_climbed
4568,1215604526359937024,21,0.6078631424594414,flights_climbed
4570,1215866445171949568,0,0.7787466618256467,flights_climbed
4575,1217113854211493888,0,0.7297162272993283,flights_climbed
4590,1217567720510033920,0,0.7795561941500897,flights_climbed
4609,1220075038721081344,28,0.6463617389946335,flights_climbed
4611,1220630307675860992,7,0.8072589486756487,flights_climbed
4620,1220912304240271360,0,0.7564902199378918,flights_climbed
4625,1221045978277421056,0,0.825334995328321,flights_climbed
4630,1222271249739489280,0,0.7760551371308109,flights_climbed
4631,1222271249739489280,7,0.6985052454618276,flights_climbed
4641,1222826978432393216,7,0.6570794320348351,flights_climbed
4642,1222826978432393216,14,0.8262109500231392,flights_climbed
4643,1222826978432393216,21,0.7357901211667607,flights_climbed
4645,1222888097134026752,0,0.6490720680906324,flights_climbed
4655,1225417403794071552,0,0.9238570393552228,flights_climbed
4656,1225417403794071552,7,0.9254813954331148,flights_climbed
4657,1225417403794071552,14,0.6338420888667988,flights_climbed
4660,1225528304685686784,0,0.815004318120567,flights_climbed
4670,1226471208156209152,0,0.7987654190726425,flights_climbed
4675,1226531330060525568,0,0.9482367742977248,flights_climbed
4676,1226531330060525568,7,0.8874567197954538,flights_climbed
4677,1226531330060525568,14,0.7525987659407806,flights_climbed
4683,1226746711007436800,21,0.7001813433664194,flights_climbed
4690,1226833626226368512,0,0.6065479790240434,flights_climbed
4691,1226833626226368512,7,0.7112499971297696,flights_climbed
4711,1227677964261728256,7,0.854738454165922,flights_climbed
4712,1227677964261728256,14,0.9695747062889524,flights_climbed
4713,1227677964261728256,21,0.723630018313909,flights_climbed
4718,1227678032487653376,21,0.8148432565335175,flights_climbed
4720,1228016946347909120,0,0.7721175108839811,flights_climbed
4721,1228016946347909120,7,0.9112813245408868,flights_climbed
4734,1193162008966930432,28,0.7329560476071694,stair_ascent_speed
4788,1203363896473169920,21,0.7675508280410942,stair_ascent_speed
4882,1215604526359937024,14,0.8033993409429957,stair_ascent_speed
4883,1215604526359937024,21,0.8321746437006533,stair_ascent_speed
4884,1215604526359937024,28,0.8869577960547526,stair_ascent_speed
4886,1215866445171949568,7,0.6886332107801804,stair_ascent_speed
4892,1217113854211493888,14,0.7237350979806126,stair_ascent_speed
4893,1217113854211493888,21,0.6866367036174145,stair_ascent_speed
4910,1218500358268682240,0,0.7699301277223773,stair_ascent_speed
4911,1218500358268682240,7,0.823140446930749,stair_ascent_speed
4912,1218500358268682240,14,0.7742873386549395,stair_ascent_speed
4913,1218500358268682240,21,0.9095594669615175,stair_ascent_speed
4933,1220647683502927872,21,0.6966457899842469,stair_ascent_speed
4934,1220647683502927872,28,0.917073616740371,stair_ascent_speed
4938,1220912304240271360,21,0.7280851164272587,stair_ascent_speed
4942,1221045978277421056,14,0.816215325037458,stair_ascent_speed
4943,1221045978277421056,21,0.659383520634391,stair_ascent_speed
4985,1226471208156209152,0,0.8965836772093686,stair_ascent_speed
4986,1226471208156209152,7,0.7907470605214707,stair_ascent_speed
5000,1226822249919160320,0,0.9750072672410054,stair_ascent_speed
5001,1226822249919160320,7,0.9892123360904377,stair_ascent_speed
5002,1226822249919160320,14,0.9570282908764145,stair_ascent_speed
5003,1226822249919160320,21,0.7465580113467368,stair_ascent_speed
5030,1227678032487653376,0,0.7504001232486779,stair_ascent_speed
5031,1227678032487653376,7,0.8312499045034135,stair_ascent_speed
5032,1227678032487653376,14,0.613418791883931,stair_ascent_speed
5082,1202352956833734656,14,0.6914235075883562,stair_descent_speed
5083,1202352956833734656,21,0.6734366149333364,stair_descent_speed
5139,1206288961544138752,28,0.8100693151333176,stair_descent_speed
5158,1207337368916340736,21,0.8130390090296241,stair_descent_speed
5159,1207337368916340736,28,0.902266133562291,stair_descent_speed
5165,1209054619317510144,0,0.6592009925312712,stair_descent_speed
5166,1209054619317510144,7,0.8287462311456301,stair_descent_speed
5167,1209054619317510144,14,0.6539300301511969,stair_descent_speed
5198,1215604526359937024,21,0.7032734515959697,stair_descent_speed
5199,1215604526359937024,28,0.7683850002002799,stair_descent_speed
5225,1218500358268682240,0,0.6359132804174173,stair_descent_speed
5226,1218500358268682240,7,0.6525488641726916,stair_descent_speed
5252,1220912304240271360,14,0.6433553648549287,stair_descent_speed
5253,1220912304240271360,21,0.9294389277700573,stair_descent_speed
5254,1220912304240271360,28,0.807597815648081,stair_descent_speed
5258,1221045978277421056,21,0.8811051138622042,stair_descent_speed
5259,1221045978277421056,28,0.6742082269786419,stair_descent_speed
5310,1226746711007436800,0,0.7693326445333106,stair_descent_speed
5311,1226746711007436800,7,0.9032964617597201,stair_descent_speed
5312,1226746711007436800,14,0.8153515012578209,stair_descent_speed
5315,1226822249919160320,0,0.9706684059713933,stair_descent_speed
5316,1226822249919160320,7,0.9982822943207957,stair_descent_speed
5317,1226822249919160320,14,0.9909162993599687,stair_descent_speed
5369,1195995458591272960,28,0.6208787100709278,six_minute_walk_test_distance
5434,1205233118415888384,28,0.615782578837444,six_minute_walk_test_distance
5439,1205417639895572480,28,0.6156873639552225,six_minute_walk_test_distance
5465,1207326598656700416,0,0.6229978467387743,six_minute_walk_test_distance
5480,1209054619317510144,0,0.7649071961631737,six_minute_walk_test_distance
5481,1209054619317510144,7,0.8700516150770289,six_minute_walk_test_distance
5482,1209054619317510144,14,0.8567332518926387,six_minute_walk_test_distance
5483,1209054619317510144,21,0.7006853389437838,six_minute_walk_test_distance
5502,1213552453597499392,14,0.658658186357263,six_minute_walk_test_distance
5503,1213552453597499392,21,0.723934614252512,six_minute_walk_test_distance
5513,1215604526359937024,21,0.7868146188565525,six_minute_walk_test_distance
5514,1215604526359937024,28,0.9465641227223685,six_minute_walk_test_distance
5551,1220075038721081344,7,0.8475240794970876,six_minute_walk_test_distance
5552,1220075038721081344,14,0.9718708788926833,six_minute_walk_test_distance
5553,1220075038721081344,21,0.9407057550469037,six_minute_walk_test_distance
5554,1220075038721081344,28,0.8005768452340167,six_minute_walk_test_distance
5561,1220647683502927872,7,0.9223245109550967,six_minute_walk_test_distance
5562,1220647683502927872,14,0.8302198616927288,six_minute_walk_test_distance
5575,1222271249739489280,0,0.9467283185037362,six_minute_walk_test_distance
5576,1222271249739489280,7,0.7758909406361996,six_minute_walk_test_distance
5615,1226471208156209152,0,0.9024727773471354,six_minute_walk_test_distance
5616,1226471208156209152,7,0.6748400437722076,six_minute_walk_test_distance
5627,1226746711007436800,14,0.8159328353237532,six_minute_walk_test_distance
5661,1227678032487653376,7,0.9630915371907132,six_minute_walk_test_distance
5662,1227678032487653376,14,0.8256145265315755,six_minute_walk_test_distance
5718,1202538688724086784,21,0.6005914608471757,sleep_time
5719,1202538688724086784,28,0.7298830558133933,sleep_time
5742,1204955032839462912,14,0.6412283267352661,sleep_time
5743,1204955032839462912,21,0.6547216553518885,sleep_time
5755,1205699344464289792,0,0.6620333344217869,sleep_time
5793,1207428963799937024,21,0.6322295418977998,sleep_time
5814,1213495788215894016,28,0.7406588129553862,sleep_time
5830,1215866445171949568,0,0.627319755939761,sleep_time
5831,1215866445171949568,7,0.6149926027545286,sleep_time
5848,1217553861704318976,21,0.8300395328962509,sleep_time
5849,1217553861704318976,28,0.7641585962463273,sleep_time
5880,1220912304240271360,0,0.858005831250253,sleep_time
5881,1220912304240271360,7,0.726497673471844,sleep_time
5930,1226471208156209152,0,0.9855776487671624,sleep_time
5931,1226471208156209152,7,0.920530397178286,sleep_time
5951,1226833626226368512,7,0.914525866881554,sleep_time
5952,1226833626226368512,14,0.6900413762188039,sleep_time
